Category,Description
Drawing & Sketching,"A community for artists who love sketching and illustrating. Share techniques, ask for feedback, and get inspired by other creatives."
Painting,"Join a community of painters working with watercolors, acrylics, oils, and digital tools. Discuss color theory, techniques, and share your artwork."
Photography,"A space for photographers to share shots, discuss camera gear, and improve their skills. Get feedback and learn new photography techniques."
Videography,"Connect with fellow filmmakers and video editors to discuss storytelling, shooting techniques, and editing software."
Calligraphy,"A community for those passionate about beautiful hand-lettering. Share scripts, tools, and techniques to improve your craft."
Crafting,"From DIY projects to scrapbooking, this community is perfect for makers who love creating unique, handmade items."
Sculpting,"For those who shape materials like clay, wood, and stone into art. Share your projects, get critiques, and discuss techniques."
Origami,"A community for paper-folding enthusiasts. Share designs, ask for tips, and explore intricate origami models."
Graphic Design,"A space for digital designers to share branding ideas, UI/UX principles, and design trends."
Pottery & Ceramics,"For those passionate about working with clay, glazing, and firing pottery. Share your techniques and finished pieces."
Playing an Instrument,"A community for musicians of all kinds to share practice tips, ask questions, and collaborate on music projects."
Singing,"A supportive community for vocalists of all levels. Share recordings, get feedback, and improve your singing technique."
Dancing,"A space for dancers to share routines, learn new moves, and discuss different dance styles."
Acting & Theater,"For actors and theater lovers to share monologues, discuss performances, and exchange acting tips."
DJing & Mixing,"A community for DJs and music producers to discuss mixing, gear, and performance techniques."
Hiking,"Join a community of outdoor lovers who enjoy discovering new trails, gear recommendations, and hiking tips."
Camping,"A space to discuss camping spots, outdoor gear, and survival tips for enjoying the great outdoors."
Fishing,"A community for anglers to share their best fishing spots, techniques, and experiences."
Hunting,"A community for ethical hunters to discuss techniques, gear, and conservation efforts."
Birdwatching,A relaxing space for those who enjoy spotting and identifying birds in nature.
Rock Climbing,"A community for climbers to discuss bouldering, sport climbing, and mountaineering."
Surfing,"For surfers to connect, discuss wave conditions, and share experiences on the water."
Kayaking & Canoeing,"A community for paddlers to exchange tips, gear recommendations, and trip plans."
Scuba Diving,"Join a community of divers sharing dive sites, safety tips, and underwater photography."
Mountain Biking,"A space for cyclists to discuss trails, gear, and riding techniques."
Running & Jogging,"A supportive community for runners to discuss training, gear, and running events."
Swimming,"A place for swimmers to share workout routines, technique tips, and open-water experiences."
Cycling,"A community for road cyclists and casual riders to discuss bikes, training, and events."
Martial Arts,"For practitioners of karate, jiu-jitsu, taekwondo, and other disciplines to share techniques and experiences."
Weightlifting,A community for those passionate about strength training and lifting techniques.
Yoga & Meditation,"Join a group of mindfulness enthusiasts to discuss poses, meditation practices, and wellness."
Archery,"A community for archers to discuss techniques, gear, and competitions."
Fencing,"A space for fencers to exchange training advice, gear recommendations, and strategies."
Golfing,"For golf enthusiasts to share swing tips, course reviews, and equipment recommendations."
Skateboarding,"A community for skaters to discuss tricks, skate parks, and gear."
Stamp Collecting,A space for philatelists to share rare stamps and collecting tips.
Coin Collecting,For those interested in numismatics and collecting historical and rare coins.
Antique Collecting,"A space to discuss valuable antiques, restoration, and preservation."
Trading Card Collecting,"A community for collectors of Pok√©mon, Magic: The Gathering, and sports cards."
Model Building,"A place for enthusiasts of model trains, planes, and cars to share builds and techniques."
Video Gaming,"A community for gamers to discuss the latest titles, strategies, and gaming culture."
Board Gaming,A space for tabletop gamers to share game recommendations and strategies.
3D Printing,"A community for makers to discuss 3D printing techniques, models, and troubleshooting."
Coding & Programming,"A community for coders to share projects, troubleshoot issues, and learn new languages."
Robotics,For hobbyists and engineers interested in building and programming robots.
Cooking & Baking,"A community for food lovers to share recipes, techniques, and culinary inspiration."
Gardening,"A community for plant lovers to discuss gardening techniques, plant care, and homegrown food."
Woodworking,"For those who love creating with wood, from furniture to intricate carvings."
Home Brewing,A space for beer and wine enthusiasts to share recipes and brewing techniques.
Interior Design,"A community for those who love decorating, organizing, and designing beautiful spaces."
